{
  "name": "perfect-scrollbar",
  "version": "0.8.1",
  "homepage": "http://noraesae.github.io/perfect-scrollbar/",
  "authors": [
    "Hyunje Jun <me@noraesae.net>"
  ],
  "description": "Minimalistic but perfect custom scrollbar plugin",
  "main": [
    "css/perfect-scrollbar.css",
    "js/perfect-scrollbar.js"
  ],
  "license": "MIT",
  "ignore": [
    "**/.*",
    "bower_components"
  ],
  "_release": "0.8.1",
  "_resolution": {
    "type": "version",
    "tag": "0.8.1",
    "commit": "b0a26373855b3d31ce5bd9904e2ba4d9a24ebf52"
  },
  "_source": "https://github.com/noraesae/perfect-scrollbar-bower.git",
  "_target": "^0.8.1",
  "_originalSource": "perfect-scrollbar",
  "_direct": true
}